date,latitude,longitude,depth_m,temperature_c,salinity_psu
2020-01-01,10,60,0,28.4,35.1
2020-01-01,10,60,100,24.7,35.2
2020-01-01,10,60,500,12.8,34.8
2020-01-01,20,60,0,26.1,35.4
2020-01-01,20,60,100,23.2,35.5
2020-01-01,20,60,500,11.9,34.9
2020-01-01,10,70,0,27.9,35.0
2020-01-01,10,70,100,24.1,35.1
2020-01-01,10,70,500,12.4,34.7
2021-01-01,10,60,0,28.7,35.0
2021-01-01,10,60,100,25.1,35.1
2021-01-01,10,60,500,13.1,34.7
2021-01-01,20,60,0,26.4,35.3
2021-01-01,20,60,100,23.6,35.4
2021-01-01,20,60,500,12.2,34.8
2021-01-01,10,70,0,28.2,34.9
2021-01-01,10,70,100,24.5,35.0
2021-01-01,10,70,500,12.7,34.6
2022-01-01,10,60,0,29.0,34.9
2022-01-01,10,60,100,25.4,35.0
2022-01-01,10,60,500,13.4,34.6
2022-01-01,20,60,0,26.8,35.2
2022-01-01,20,60,100,23.9,35.3
2022-01-01,20,60,500,12.5,34.7
2022-01-01,10,70,0,28.5,34.8
2022-01-01,10,70,100,24.8,34.9
2022-01-01,10,70,500,13.0,34.5